iteration,methane_multiplier,reversal_multiplier,leakage_multiplier,carbon_gain_multiplier,mean_net_ghg_benefit,p10_net_ghg_benefit,p90_net_ghg_benefit
0,1.11691574907447,1.2137041056776514,1.3204128883875965,1.2767607352187373,232.0546800260733,56.03470875442635,486.74626435998016
1,1.7550721424997315,1.3720505650468386,0.410239203791637,0.7987128410315372,162.6251100216983,33.040952661215194,349.9057014815269
2,1.2143349743460667,1.386952516338301,0.7496537146175059,1.1459977729723378,212.34088833155195,50.43888568150103,447.1630384216607
3,1.4091208990033945,0.7384372386790946,1.5371013077396416,0.8459257865176855,175.22005832985317,38.39608371329994,375.0411313037629
4,1.5760966449736762,1.2105971427866444,1.312654651670799,1.008687428840177,192.52465807499559,43.87814221643512,407.77319700665055
5,0.6917258664674701,1.739619943955544,0.9665938764065694,1.0347738492101002,195.63690044710407,46.56683693948064,413.85289179515905
6,1.7669784319213702,1.2919210038277482,0.607220300456083,0.8636901707815011,171.89132994497663,36.21820110913282,368.8901283358643
7,1.6078798235629805,1.0279255191182861,0.7930721503690743,1.0910650050018964,206.83437826915818,48.14188766501988,436.9586303391553
8,1.7169159997711763,1.111714806031884,1.164455442329115,1.2013848488238534,219.8889244372994,51.32877951808952,465.0604422958756
9,0.9357945870455844,0.8414283268246816,1.513571145247758,0.7166423942432628,158.63184966133306,33.960762525936644,339.44214723365235
10,1.596512651408445,1.3782795296505888,1.5843053080541298,0.8566413629936556,169.2557150343219,35.99642401743226,362.8554780055653
11,1.3518599675386613,0.8363011775732321,0.8662371402067859,1.1044135532489125,212.29597357564134,49.98842019580013,447.9850000633673
12,0.938359949608059,0.9168100859462178,1.0845793615906811,1.0476173059746006,205.25731664214499,48.481918010929675,432.8243316904154
13,1.01388668248357,1.2316844196613959,1.1693294435301549,1.124404538467414,211.64340745342318,50.51373977742773,444.9648233575158
14,1.367311050909099,1.132004592340758,1.2870795621612978,1.0792531366927296,204.40864439306046,47.802775392193475,430.27184037977645
15,1.4399050535574336,0.740118215818045,0.9521529872059256,1.268913476757215,236.17415416895068,56.44151667670948,494.7159594214623
16,0.8914654563976521,1.4090409906733095,0.4370706709918877,1.164167910547421,216.9105694929475,51.73111731321863,456.34840375391246
17,1.0391219035029327,1.4546589017861105,1.4080130427013526,0.7112582380504514,152.1401078433094,31.70447002951359,325.86805399720834
18,1.572843923071629,1.4054478000317978,0.8634131993434133,0.7347124214089745,153.77464337858447,30.515027647790063,329.66028875970363
19,1.7053017590071904,1.509179568837519,0.4638845791365007,0.8956825575753017,174.6607176045457,37.251711117181955,373.28315341641496
20,1.3414068502665115,0.7219938324395347,1.0464162494415987,0.8781496060269107,181.2256962127466,40.322116560294276,387.0651811634527
21,1.555142092364903,1.254210018926932,0.9107000229803272,1.2632160361716522,227.9379621173389,53.83481272327543,480.39343126814106
22,1.412404710296019,0.6876601461751843,0.9730373434421212,0.7166507873949997,158.29595615818783,31.81258313836788,340.81508679121396
23,0.6559663596537815,1.6436032393564903,1.2177502881661897,0.7786291844337698,162.03292834161175,36.33248774064004,343.66387083898667
24,0.5345236295635623,1.065624270310901,1.0606449159831612,1.3108670941514489,242.51458284571217,59.42483595835449,509.7908610576302
25,0.9504242904349718,0.8498141542346689,0.9631239381344988,1.065923686485463,208.76530839757953,49.371881408588806,438.7661582129374
26,1.461158160933628,1.1537128584622751,0.44899124714404925,1.3983133548475877,249.3577845764758,60.45121205446103,523.6251098707949
27,0.8175177395443669,1.5222988406297213,0.685897075016985,1.140276070593531,212.22035281628217,50.53620547751619,445.2493066591733
28,1.2173870715915966,1.4348036963521316,1.532996688428541,1.2747179724193551,227.85836750490543,54.60918269375777,477.5986245763987
29,0.5332686315859033,0.9208862206860091,1.552215723690265,1.2923893785341496,241.02830961963656,59.053887156703766,506.94495164628256
30,0.6456680550598667,0.5592529567942386,1.0597381513069992,1.3886195647413755,260.0177167705319,63.98323569751714,546.4045953786919
31,1.5022926597602078,1.5324358277251209,0.9674789780695937,0.9552910849936127,182.71941408806927,40.6829367754954,388.37617787432947
32,0.909224147085745,1.198755105608072,1.2148067423885462,0.8177928733408506,170.16773422030505,38.45481913978866,362.87020566427896
33,1.693460492206555,1.741233508779509,1.0415813915359777,1.0627657727181512,193.63909673995116,44.14972456821282,407.53020132407744
34,1.4896014809868086,1.7546392875039822,0.48764236034130815,0.9027761748848151,174.24924020138747,37.989939345647386,370.5604928395997
35,1.431859853761196,0.5831273452170181,1.3088256087802783,1.0553036504778819,207.05268977816385,48.325507533139856,437.3519946277693
36,0.512375981549607,1.1122153983171077,0.7540434437903336,1.168938559098314,222.83036178455436,53.648608010214694,467.1787413466238
37,0.8615671763932424,1.3446086024946369,0.5609676523316462,0.8961686092681598,180.94626138844532,41.669374100443264,384.4538122861531
38,1.1929370615324077,1.0466828951797333,0.41712970179903175,0.8854056812541857,180.91466957841743,40.50156036891055,384.9090831691217
39,0.6980811657282541,1.4334848779352989,0.5744055411193519,0.9840672201664737,192.89735555445458,45.48492422242728,406.4972389848695
40,1.4437264086334691,1.7313039513494972,0.5874274284408267,1.3832907479443937,238.8364798884335,57.38369638259697,500.34014616385303
41,0.8637698409279444,1.5148739195776233,0.4308927551791928,1.12783348441264,210.8262461072852,50.17425292803855,443.75784623957253
42,0.5877547302923763,1.100693292875559,1.5971840328669158,1.3751320725484666,249.70491232641126,61.25679917610025,525.503139845035
43,1.500554903325187,1.2410607936170348,1.126655717454683,0.7295353116317823,154.4552172527555,30.945798850697603,331.37834543056533
44,1.0279174008199976,1.606693453273684,0.40836715650884076,1.170930389227399,214.63993728014907,51.198972722180415,451.17185159592634
45,0.7674795129550547,1.7795462180091113,1.0282504586506445,0.7897227121964718,161.96992542825103,36.199319874754046,344.24829437444066
46,1.679965761250043,1.6768789184030055,1.0608006953393216,1.3355962133435852,231.04655505547058,54.743280967005994,487.1349533382262
47,1.2990385965963054,0.9256309661305784,1.1382780233728513,0.8436927289909314,174.39539322270184,38.477358975878744,372.439949411296
48,1.189365976898398,1.5980400306581866,0.5275010454976711,1.2857448409695846,229.11886107453554,55.134137669297054,480.22650733260303
49,0.8744538256935575,1.437624102437523,1.3893907060142738,1.0155826373869006,194.69356063696773,45.881707620888314,409.89260931934797
50,1.4053725952035987,1.3635172920953136,0.7563050310382269,0.8937119255188207,177.0317911682574,39.109880462996166,377.77374295173956
51,1.6898681369342434,0.9219475380805572,0.6363776825981067,1.3864395700420449,249.430818623979,59.74132939373583,523.7056648912517
52,1.3302145424812741,1.5401729980274064,1.2740698909259076,1.2070726346480338,217.12339774804752,51.47367160036762,457.6607255183853
53,0.9406948328424523,1.6157058649717606,1.4134748925628915,0.7528497682431186,156.87861572376755,33.853970645672426,335.03308620818905
54,0.9288074088545593,0.8262418667591069,1.4802273381761144,1.2550726583279066,234.96391532816835,56.91305851926948,490.363252359224
55,0.7829002420398554,1.243964675103559,1.4878813873651797,0.9477393940785064,187.85736637145817,44.130077919615175,395.29792424254737
56,1.203224619656389,1.3589040531896712,0.7477534419289718,1.3037697461996145,234.34772255457895,56.24639145561695,491.57788602065517
57,1.1525440533939062,0.9811245811338014,1.2131695230144715,1.0150439486179197,198.52798081282327,46.314930462696154,418.1710818119016
58,0.6337997933843813,1.3195912163707937,1.0670635726761408,0.7820938655669417,165.91047325600098,37.372677106639266,351.8690326190439
59,0.8169264726671865,1.7188621955310912,0.4023239237277194,0.9191854200926377,180.71970506885592,41.99133299972608,382.828552645887
60,1.1567020969031105,0.8760708676181855,1.1633306093515638,1.2072785654012543,226.86723483470809,54.48970778889291,475.1171802020715
61,1.7100332265282396,1.2679270745573201,1.497481956157766,0.9157145456041709,178.00595599552682,38.57546568405871,380.3478424756189
62,1.06865204391153,0.8729043869030542,0.9181118728902113,1.0044004062994694,199.24574820530893,46.37492821247003,419.8872778890127
63,1.0006099662901413,1.3587644745426273,1.3834505420444014,0.844878189595968,171.52415425772682,38.668762380622205,365.4323010607289
64,1.6544172620360262,1.3072480824453787,1.3643201792130442,1.3664475123495594,240.03423021469823,57.390477235992144,506.11673387669316
65,1.7119571399364142,0.8019146528048446,0.8640596071356224,1.2794309672148563,235.47696549182274,55.39814510855202,495.6259791729881
66,1.2496112265786001,0.8930523311711697,1.1852623649761223,0.7827232121931059,166.3234382478931,35.650560730771836,353.80035052048703
67,1.0460867544760137,1.122643581490563,1.3922189715867959,0.8427068714044732,173.27584102268034,38.697223116142794,369.8801312233241
68,1.0316895379866526,1.6589945916756952,0.5241825120326374,1.1454141634772905,210.32467469060006,50.05662080953024,441.2720670787127
69,0.7506653460836661,1.166566432704804,0.800483489550353,1.2937564432965447,238.02117076882197,58.119091777716065,499.7219809838918
70,0.9820366503997979,0.67389131885067,1.1787333042543866,0.8231036872192414,175.62767482832678,39.289433857227735,373.9788934827494
71,1.2582762625363708,0.8953838219231098,0.7728614461768194,1.3263468844829807,243.5150894399168,59.18669564108998,510.0284914859734
72,1.1731611892992566,1.1848468087454855,0.4819078322615876,0.9719272080410661,191.4710403659754,44.15347751154756,405.63310572108315
73,1.2274986423165362,1.063416910039217,1.5281836670915925,0.928997211156553,184.62539523086892,42.105693713399674,391.32254986298267
74,0.8936151158124459,1.0498311633357509,0.451186274163825,1.232150853024331,230.84863468028018,55.749567070118566,482.4927688414082
75,1.4550039662798355,1.6626363668070665,0.9204207378140584,1.2433982729688027,220.3676638367468,52.08164223621188,464.5875555908229
76,0.9594840856436515,0.5951537665692547,0.6210414997104171,0.8944544424552627,187.7404619092898,43.275416093150966,398.7498993678445
77,1.36126731854316,1.5570077464334642,0.4715559714156743,1.021903598969934,193.14132344369196,44.17296677042187,406.7719364436657
78,0.5354460077207269,0.9697793782822028,1.0675040247235712,0.8450186746817563,178.53287534468754,41.1729816287209,377.3599826801566
79,0.5639458288758747,1.0057136014051287,0.9698547910409129,0.7963321838603252,171.3883135963328,38.807819025440004,363.158055192183
80,1.0803958219653704,0.553184276181663,1.4338600568762043,1.0199419326772563,204.05592221597266,47.955592877617114,429.9984154748211
81,0.7562931685092236,0.5879407242938128,1.2361143943362656,1.1457257563512588,223.8554993349427,53.66769404253103,468.98341601680323
82,1.37184494508209,0.9635697613446679,1.3386922394422376,1.2943959820888993,236.4380206363569,56.89068581450934,496.2245810318324
83,1.1082317050719532,0.8614173869606429,1.328901080964441,1.1582772777667236,220.1167659378224,52.68779371144599,463.312447206607
84,1.5856214126404335,1.280944142471637,0.4628780362396101,0.8050551641494049,165.20838400298206,34.11147235771997,355.9361684155974
85,0.892792100621074,0.8190535711778247,1.150013797534957,0.7833231398867642,169.15081892909365,37.82515924955348,359.784722787697
86,1.2886012380609295,0.7418142489594944,0.4333089340131759,1.1771025213061805,224.8882522372186,53.58622143297309,474.96316224132255
87,1.3603707238124112,1.6727845073941305,1.0064860133881783,1.2827641084637174,225.89128181743234,53.82757934968601,474.242773525097
88,0.8947794810976737,1.0673823457284342,1.265761919191835,1.121021555463201,213.6635999543827,50.94731515324574,449.40529934461324
89,1.6028042774091997,1.0097897017666915,0.6191062051869385,0.8556733440505531,174.48428485375427,37.23039984919149,374.3308289711962
90,0.8807921088007169,0.9911219968818161,1.5030235127477698,1.2294147423840356,229.41112241593535,55.57897298606593,479.19652062493697
91,0.6203646270623075,0.8365952020833669,1.416320032846056,0.9093756851908468,187.83184484736026,43.997314025770685,396.5075641559875
92,0.8735793100627756,1.0023004877326727,0.636582451948362,0.8481542323271549,177.54192545129402,40.380146069654174,377.6193638355442
93,1.493941305922065,1.1710292440898549,0.9070593794069001,0.9842639457741738,190.77529397497727,43.21172084752351,404.3196404168096
94,0.8411836476954079,0.8801343691438743,0.5674862654114282,1.00432259422447,201.05382940627388,47.441047797339735,423.7444860546046
95,1.2581475119048813,0.8318214948664189,1.3315713295890355,0.7782477958079184,165.95043832083707,35.55224305338145,353.0433728123369
96,1.61773922108129,1.4698729120159184,0.4518054936313038,1.0538521299061023,197.0762532702868,44.968587116450074,415.9383386439977
97,0.9747746985410382,1.6694190093810177,1.1112300558453594,0.7317288330220949,153.909978061166,32.422834323465196,329.05517689613447
98,0.7571090594772865,1.5432101672792413,1.5466736614665133,1.2305744202669429,222.96971948340652,53.80413850471221,465.84934184226034
99,0.6117289892294744,1.5414703487642831,0.9673563128196997,0.8578865596576741,174.40540492591487,40.12794967912875,369.63007099271556
100,1.1838483216710491,1.0303261624786908,0.7849461931815318,1.2569118246265543,232.34162890965916,56.072628533229675,485.583124276254
101,0.7991322626458137,0.7701382867625735,1.2381227636395016,1.3400007321613145,248.91106981904983,61.16410725518704,522.681621445213
102,1.799463154554967,1.1187324088253678,0.4330513173934244,0.7255562736852251,154.5698064942652,29.32042229263445,333.85393251668506
103,1.697044057320687,0.9618512351946116,1.42218548321171,0.7669777871177148,160.55335370404623,32.553953217476476,344.2517887144306
104,1.2630581644940562,1.1472553527755733,1.5332928925068963,0.7782402399069398,162.6321580968668,34.65835834588602,347.256528346655
105,1.0441452661295374,1.3852088373864766,1.0842191887272423,0.9912929099182347,191.56812229684445,44.534573059967215,403.28246046409794
106,1.6091791211195614,1.2363149440797119,0.8764781975674484,1.2310934430898446,223.5072828632818,52.518760299616034,471.90107854397036
107,0.7167921507933555,1.429420986496983,1.22871595638949,1.290454378319993,233.41471245373515,56.96697826093536,490.33156493763846
108,1.5751143236837144,0.8530820530783728,1.0458803717122,0.7873887971235553,165.79002842495004,34.265329526519366,354.67449406830093
109,0.547051051607566,1.4094745720049346,1.40430497263401,1.3645547041882173,244.426693941169,60.07953873860719,514.6529046984102
110,1.746321950204272,0.7048975310372847,0.8404608603325237,0.878596620822954,179.57519192066943,38.59545891717312,385.3936770232027
111,1.5973743830953278,0.8883950605024366,0.8096106413162768,0.938186164749032,186.9956979112124,41.52045038688066,398.8168176121718
112,0.8339050318526365,0.7742331943079575,1.1789350912836274,1.1553103100842144,222.58244238660365,53.29130472585411,467.02437936989315
113,0.6094965926812956,1.3713925152916997,1.3836269680554847,0.8868820374781341,179.3254168461825,41.661885521046386,379.83331317838633
114,0.5457933647789754,0.5017405535636431,1.5838979154686688,0.9632856888597956,199.18668113268154,47.31472084591188,421.1571894618242
115,1.153610522865683,1.4734056855527962,1.5978740075319777,1.24744067970094,223.871076710458,53.93916505286597,469.1624000099367
116,1.5494974566858115,1.6080403148622462,0.4020403919868677,1.3254497675524277,232.55292309008018,55.410110473993825,489.4998620072883
117,0.8802207474454274,1.6776368437079687,0.5766972497577753,0.8219842231950613,167.4392689077309,37.72458079209144,356.4017089375946
118,1.28029457451185,1.1421818292061334,0.9524544516466243,1.1396352291644332,213.75071300403647,50.68618334194397,450.8843721025257
119,0.9363688536890091,1.0552193687025704,1.0395603004023153,1.0125614375940617,198.86549263507524,46.67182873838098,418.7535612947273
120,1.7699613818216229,1.4432188449285976,1.4003832394896003,0.7634725227822381,155.28802135910058,30.52139992116195,335.31490670835717
121,1.7009590357969422,1.1851779757798249,1.5217840016387,0.7816710242292314,160.33373448954313,32.65821149020187,345.1100845302296
122,1.614921972147253,1.479220323893124,0.5245296511048163,1.134142795192803,207.76140663340644,48.1625435023902,438.9025522283462
123,0.9536161677123354,0.6066842601626228,0.4978231157632468,1.2196342448218527,234.43497187515922,56.743309037775674,490.4750550265445
124,1.7990303421324216,1.3849769364752131,1.5847489328596187,0.9019589477441184,174.25194484488767,37.294118031939576,373.4459666188951
125,1.3643395666754372,0.869368892302274,1.4838243143973497,1.025551687201822,199.59950850551115,46.42549257904121,420.5685145526244
126,1.185425076562663,1.6911150369478736,0.47221996625244933,1.22083355008552,219.27709482511776,52.20991014224918,461.59829031103
127,1.6388399568576997,1.544861258855944,1.4827385075390125,0.8232398294229469,163.02786911301575,33.831859943386696,351.15450445492536
128,0.9158617561124562,0.6723521167956823,0.9716108916636703,0.7159513253891241,161.10177918222533,34.54069379925267,344.002307600394
129,0.7090523870465731,1.0213550736248305,0.46851277370870087,0.7797713442692428,169.02086462742224,37.69152181476261,358.23820811863607
130,1.5678637475675608,0.8927334675425751,0.9875540714950525,0.7201831152395268,156.1033761405339,31.0360411118963,336.56974232419833
131,1.7498088503588907,1.0766725355198679,0.9386802114525274,1.2149969696859397,222.45676282021316,51.97234090957267,471.0057176897226
132,0.8799441373614009,1.6078261399270521,0.5026880680389063,0.9240328649159549,182.0022674949585,42.158060812102825,385.7436688063633
133,0.5248746738858162,1.017509652634164,1.303040926546955,1.0670808612864933,208.72779362818432,50.15984637606584,438.53499870178865
134,1.6537385885015916,0.5556299798634973,1.1532287327724122,1.0997927527705023,212.80339377544718,49.48632155379032,449.93441453722994
135,1.0039558631856655,0.671471655779819,0.5107638404491203,1.2415597984778026,236.41756393124484,57.33892578512199,494.2336361335954
136,1.3476912054407209,1.0923628235281195,1.0802995113044531,0.9298763066164625,184.57884731514704,41.29122218263361,391.1996140037468
137,1.1748669259861158,0.8325545904582001,1.0219860254338193,1.3398894467984865,246.3164314469267,59.92747083558382,515.9759483334784
138,1.700584291813307,0.8128559267379596,0.9785580232690527,0.9355578722569373,186.54625493397006,41.32199723665161,398.3501098846023
139,1.4666953301262375,0.8666769658252754,1.5909850367282212,0.975326505190584,191.78467613265533,43.627273475943795,406.4205751242175
140,1.414602367395892,0.774632005042697,0.5474954944629321,1.0049248679917238,199.1563491404219,45.68867376498501,421.1017414806484
141,1.3616104126806703,1.506523202099091,0.8118113407780341,1.0126000081770887,191.83626220228254,43.867777020304366,403.44252988049703
142,1.6931952281709928,0.8214528780015119,1.2128416879743202,0.7107782177350281,154.29582838263073,29.80373161461898,334.31103959241676
143,0.9720990476075242,1.161478725624785,0.49085636517336195,1.3005055320360528,238.3480567646365,57.82109249382959,499.0148799860956
144,1.313568952768501,0.5889737677899379,0.968290107712793,0.7656758581532999,166.74683827049552,35.57738485943931,356.4531165969542
145,1.2461522262751052,0.906864551878424,0.683626283676311,0.925814587789631,187.2447808497837,42.52502945865422,396.7007002386569
146,1.1577646973703457,1.3681061448769303,0.48770144716973124,1.1921896364630533,219.6798597881197,52.27250648958045,463.29210466836093
147,0.5425231778775679,0.7498295113798068,1.0783629084155675,1.0105397381262096,204.1378104602878,48.833086948154616,430.0594318867997
148,1.478829258362853,1.444561222773803,0.6536869641686724,1.3018543509194662,231.5475352001502,55.345518099818996,487.4430058938735
149,0.6523578892833,0.5612667487359071,0.6884843907922243,1.0923178834523588,218.0837532760511,52.188924227231375,457.8298994583469
150,0.7862019449275681,1.2924824627352822,0.6422037454348146,1.0080613151887676,197.13278587296153,46.66792106311302,415.3309028140408
151,0.8956963619296967,0.6761104281532803,1.3230035482994995,0.9302965406004697,191.11306193862137,44.32019551336937,403.1823301775531
152,0.8365583338592977,0.5270641835954546,0.9905251485895553,0.916654763562368,191.6520068186029,44.32363523399716,404.8013372780289
153,0.617555159061292,0.9081877870031074,1.1118972882821638,0.8683179195233508,181.87801656471444,42.122043088358176,385.4908224800609
154,1.554466401771736,0.9320431228327508,1.056053084402837,0.9460836032429224,187.43692231650118,42.03750942125828,399.8995898908472
155,1.7057610843930116,1.5743313157379106,0.5458814690078264,0.8608266984936535,169.1339896102988,35.50214233263179,362.6028653817465
156,0.7346084274740874,0.6023174357943003,0.7430167843597726,1.3754180795187012,257.58165605581485,63.265121008292674,541.6081386582036
157,0.6081282976958035,1.1495749982897165,1.3727508662783423,0.9948323014909953,196.57744706535246,46.7048591674388,416.53639632428434
158,1.3227762666388787,1.068452354387238,1.4583103769062338,1.1170953250025455,210.37026481774728,49.621092144075774,444.47558364494023
159,0.8300811618863839,0.590596486869259,0.5837817232896194,1.125323384853519,221.66200462210975,53.01523019242469,466.2451047926677
160,1.050438234969214,1.3217290672568964,1.2603602385968953,1.1370350813031131,211.91176595971413,50.60702329569892,446.21588693571863
161,0.9559492075029364,1.1842903073484519,0.8603660111585119,0.7513207821111755,161.48891081376118,34.92029867327338,344.47284343139
162,1.3681298926484593,0.8373578759683532,1.3046470646782318,1.1519526401189222,218.11768676659958,51.6928949521012,461.19666599155346
163,0.6682244216573211,0.8188135575182163,1.3126640939735035,1.1147169575541649,216.97119117654705,52.00259906402257,455.16957458674284
164,1.2502948315879858,1.2074304505099311,1.0110792405220854,0.8886140247811436,178.33272936856986,39.55484963713159,378.85779363270797
165,0.8220748690535051,1.302377125721744,1.1248699449684434,0.7352499646320647,158.4828884160196,34.53621790094487,338.3654102292146
166,1.4472646837134562,1.2526383116886284,1.1703486141866708,1.3817438832390914,244.421787409571,59.20661487617798,512.739798091599
167,0.5557707484407527,0.9718093821540876,1.3688157691427683,0.8724380396995781,181.6989037945486,42.25712048303765,383.74215235816325
168,0.7397100822929245,1.131674120227207,0.6491944837291133,0.8545992211302187,177.88401913369597,40.80075229891148,377.6860970143934
169,1.4953737041223008,1.0047703884853998,0.9661871778669366,1.1684867827881649,218.25226860087193,51.333493185631994,461.1861929830685
170,1.1290708958169493,1.3688471489172305,0.5525178544627865,0.853626742171721,173.40164465035969,38.255671139543324,369.10354104579477
171,1.6148634714875427,1.519207887639328,1.4036473910525458,1.1056662318637938,201.82898301322876,46.523703185395,425.27587286381953
172,1.2972187240830353,0.6343193846789117,0.8611772969782374,0.9864372510828905,198.17168167556179,45.97594778749646,418.6663458207082
173,0.8960275163819862,0.7883564867549657,1.0035148308052282,0.7863834138249401,170.11619785612132,38.01734381548532,362.0683760328672
174,1.3397944558467367,1.529961930713301,1.1056124531208216,1.0500225540436252,196.23387739237268,45.255883014327566,413.2207711192905
175,0.5952821758472581,1.361593963298688,0.8151948976591261,1.3307153224560881,241.2670918790703,59.14523897581892,507.695893382475
176,0.5846819519428759,0.8434753575509057,0.6259744992806948,0.7188489487974143,162.48171296786722,35.911536703284284,345.6122599642164
177,0.6150450490686339,1.2813090404999836,1.3865396885398669,0.7137480691749146,156.39701767186662,34.230877575591265,333.699641504677
178,1.6696448132292965,1.593104234193088,0.7229521945969051,1.2520332919545458,221.60743492060573,52.04870907184752,468.71949024678406
179,1.1322273335504462,1.7867647085927971,0.8196691895895077,1.2158922620487553,217.04729994781147,51.73413177877558,456.3463715592883
180,0.7986921817510682,1.0638426065145183,1.212591258210435,0.7583262356097222,163.79808322208194,36.3604768405451,347.6830742038887
181,0.6527836974872798,1.6403712968542434,1.1452312282137072,1.3394535913387586,237.65051820789589,58.242621506323594,500.8598900743072
182,0.6465779414167805,1.1265153923315419,0.521711942843334,1.091746665658568,211.6050533114966,50.640418480481266,444.3914091518889
183,1.3172016780668807,1.3329429200985174,0.744355076360292,0.7176249902540175,153.71830183082008,30.88195746604923,331.6550933217551
184,1.031923641457738,1.3155945750557896,1.0374577409996861,1.2653474843782844,230.10088165248268,55.38795770538502,482.2963055305832
185,0.6623367818664977,1.5760063386526193,1.059191933892519,1.1634263751198457,214.87881114317352,51.44195094862531,450.435332354375
186,1.022370490852765,1.2343180392523427,1.4082859134587178,1.3851854474163647,247.09994694829138,60.30869155150259,519.3268919257217
187,1.1805473210191182,1.619792654809814,1.2606927960695669,1.0951376973715157,201.88105191750807,47.62335763678465,424.65588943259337
188,1.4825765835847289,0.988807621723846,0.5035395486266468,0.716211852691462,156.05003969674186,31.248482730023248,336.81662216154234
189,1.0306026280078717,0.716087556940313,1.389004644881651,1.3823226924989158,254.1252346075166,62.17871283581581,534.1588070525507
190,1.6536086609024405,1.5679297024011418,0.6376062047797117,0.7040587961461535,148.1406767415139,27.54751440778141,320.62536657211507
191,0.5997651879861885,0.6624705330336835,1.3055277416811522,1.2399436263028694,237.12811858604607,58.0234537277217,498.8285431040633
192,1.6940137824466088,1.617276870509077,0.42948932600756096,1.339810754824815,233.50412172702804,55.26644025774778,492.54346055666844
193,0.8773728539647843,1.16231222072936,0.41398731278567014,0.7092925091831179,157.10805672210927,33.43630845706772,336.15780913823284
194,0.9099878006282375,0.8387914851027819,1.1644248128899184,1.3407323994359446,247.568824347872,60.52169422579959,519.782861487958
195,1.5666600855951225,1.5899363152135726,0.6379669972929827,1.274575002631952,225.41843989438297,53.13607694303723,475.2023965476349
196,0.721927113236492,1.7002078418676378,0.8385923939837803,0.8315761530254838,168.91812483015033,38.30172630330013,359.4407763155839
197,0.9134531474152559,1.618994922129571,0.5358677840346829,1.1544191817284755,212.6700612179401,50.70394298327457,446.2649331771035
198,0.6878412821393725,0.9032180465232951,1.289184887719089,0.8254852670735449,175.19048759085342,40.068981574620395,371.16665999753195
199,1.311548108131808,1.0993080398161463,1.1178228529456864,1.0688142222233117,203.9586940552496,47.7773405643901,428.62694993361947
200,0.8368586824385174,0.7429015960557672,0.9301282155318172,1.0400717185316837,207.0357698203445,48.94849325138501,435.3248667336146
201,1.3805866107110298,1.1345775981854602,0.643323828037979,1.296376109841901,235.5899825721207,56.51982945465531,493.9655200657599
202,0.794247237376762,1.2968567508314632,0.974199875884812,1.0880700365033675,207.43374246213085,49.53896054168183,437.4389126496232
203,1.5669274095169463,1.1868461864986548,1.0685728717907552,0.7235833000731523,153.84731562881564,30.513307173195088,330.5748277374308
204,1.4872604398140048,0.7237693642182262,0.7473294604364475,1.3122495995617345,242.66001909700688,58.397844264467366,508.9436908804424
205,0.9716482511803819,0.6261330411718672,1.377946248856782,0.9416693395903337,192.7444213910436,44.62268434915134,406.15073680419846
206,0.9127479533704332,0.5078942826737333,1.0245378339191245,0.8543479702221743,182.39354442728788,41.62063042299124,388.2590681407438
207,1.2682125364912342,1.1919191546110846,1.449345962815535,1.1463901864377768,213.24526342024495,50.57968792912636,449.1426012142642
208,0.7572401330571241,1.5680097818401832,0.4220155985990661,1.1334140522434986,211.54168435503,50.47761794517979,444.26432389258633
209,1.584193809763242,1.5222516195792384,1.5353912286456284,1.258994207676398,222.50284135032697,52.41571459641631,469.53690909769176
210,1.6470139329879978,1.1527966477490414,0.5130944418825244,0.8046221224925545,165.93333283041838,34.19300120224609,357.5651839386204
211,1.068251911713385,1.4809233730813425,0.5621810647964254,1.027221452507367,196.1957698835622,45.676752481872654,414.3437407792215
212,1.7680097118736908,1.0709054019838402,0.5521212182859014,1.1428156143835149,213.07207334944462,49.240976184212485,449.6898776281254
213,1.4105447878785107,0.70631854964084,0.49730319213406904,1.344040787422915,248.30324706346914,60.144248226639974,520.5414924376317
214,1.5083754881792955,1.1247700376757428,1.5879165565080955,0.7525972395401698,157.81428773028912,31.844780600779025,338.04039059206144
215,0.621052076058769,1.1868612744345013,0.5621737623692191,1.3568243382656582,247.62034745178516,60.824271398867964,521.9575177106577
216,1.2599796372399745,0.9828229739152448,1.0962431238411308,0.7385645574391837,159.40635668968932,33.224712846425966,341.96620070558055
217,1.0479114247410568,1.769852038669425,1.3179103025062302,0.7240792697541816,151.21661412694056,31.530387747198944,323.1001938348114
218,1.681548148298053,0.9859909183984682,0.6764604439816961,1.26513644135539,231.50224116099636,54.42961122564847,488.14428860754765
219,0.537428434789449,1.4996752753470906,1.4079884963704234,1.2751985947526587,231.06861731893076,56.330487275680255,485.98245442375656
220,0.9779739765302,1.3447217938290685,0.7170541234744191,1.3562898386293876,243.04795848216767,59.42289891458717,510.28149574965187
221,0.8149351267358811,1.7296749858269413,0.4085737570754976,1.3842756866993968,242.82002230603229,59.52835634154122,511.54484523149216
222,1.37015315645344,0.9678710974620282,1.0412443492376529,0.9865142135414523,193.7749327023446,44.329654889203944,409.3000955907712
223,1.2234869015181704,0.7680464627838475,1.252557151891865,0.9078088157990074,185.25262314009254,42.029661589701846,392.7721538985226
224,1.6550470882367405,1.0905245521805857,0.5265801583332642,0.7956342280567448,165.20536050841636,33.91249253669432,355.7394973371519
225,0.7472627216603962,0.6483617964295085,1.2485719559666728,1.3509332728862657,252.446019619252,62.09432214316874,532.143803281955
226,0.8707488713312462,0.9982405040780451,1.5314614306678567,0.9776100669103203,194.096607711002,45.533415755651234,408.9843230062172
227,1.5659696054963326,0.9070157431565201,1.1355196561463587,0.7238612776229271,156.23929903408754,31.105712219885714,335.6681905612099
228,1.4419842735166228,1.0189014654512656,0.9394279499552305,0.9810967888687671,192.23827213900447,43.670010918899585,407.1642167962375
229,1.4187162454824382,1.4837842830161123,0.953428347993097,1.3807993718084788,241.52985492534248,58.33828194422025,506.82376852816174
230,1.6580337421906053,1.404719355430891,0.7624476038427016,1.1973554806553248,216.63383795205556,50.624899029834474,458.66812577507557
231,1.1010510859606983,0.6596613399375544,1.3716368226381304,0.872284525779216,181.7737257842645,41.16618827765806,387.9064295645676
232,0.7904285680338141,0.8218966821319577,0.40970176709236167,1.2926647680567607,243.03549038633108,59.28516371813704,510.4053869558108
233,1.161294877165789,1.7340289242553109,1.5033886274853865,1.1320449068192353,205.12376477939864,48.70339839513924,431.9215801807442
234,1.4253139529748142,0.5022452430345454,0.8217031137342029,1.2690708061809304,239.69807922831149,57.46348890470062,500.0699421540128
235,1.229898227381561,1.045134742002876,0.8226947527234105,0.784659226536147,165.93960616855404,35.560722252934035,353.1437806840841
236,0.5051810314245574,0.5291591001237418,1.1682072738943692,0.9686334240204905,200.63394115383522,47.626734733046845,423.40397836303305
237,0.677132461090716,1.641882274889137,0.4238618513437755,1.0413597604096483,198.69831676436291,47.29071533037753,420.38065507270665
238,1.7441223335078626,1.4852832030993885,0.48550788908949805,1.3200443077804453,232.28499294942213,54.65513228062924,490.22491455832824
239,1.4528203443620726,0.5831332278157315,0.4790787414633457,1.3897484722640656,256.380541091813,62.34812899498064,537.9405678876129
240,1.634700380278181,1.1304047162268342,1.1193576962900216,0.8165897600720928,166.7839428866781,34.69556044564745,359.9020812288932
241,1.038483014933754,1.3789290131354686,1.451453057615704,0.7053537972082388,151.91839022378855,31.40386877883851,325.7858871159736
242,1.2480598759131802,1.6180930114533743,0.660712535868026,1.0620176973885624,198.1439519581186,45.986395441089535,417.6418481400108
243,0.8194403887938897,0.7060698073073267,1.4753889647901048,1.1714103723964797,225.26879431161132,54.23054308646366,471.014714076923
244,0.892028621300966,1.6927605512584885,0.7907096940628657,1.0247735096174855,194.03134910080803,45.679506421140545,409.3964665355965
245,1.1248764917092804,1.500749957730187,0.9579194754405863,0.7538968124338985,157.85606004583303,33.24664317439135,336.51548612699395
246,0.7130535819590703,1.7813405584794082,1.56819051377391,1.3450665071553742,235.33035912876008,57.51574659719307,496.6156774274031
247,1.3375019375685993,1.1182086153966537,1.1943672953111468,1.1726751711343026,217.8800304188636,51.653096063275704,459.00094173937026
248,0.5481344462788963,1.6660217020074328,0.9032861370048711,1.079493640150061,203.39852887562154,48.79960866372659,426.78392108809544
249,1.1435263645975795,0.9153951865096295,1.2428657578420368,0.922337563541261,186.23148336943737,42.620905284976736,393.8492073736165
250,0.7390024195977151,1.794941870751788,1.249183338670986,1.1429222408440347,208.63970844718148,49.87472511666345,436.5817117945773
251,1.6259786556680103,1.3184799415676967,0.44012305025038456,1.0239438464233919,194.7018141912187,44.32962366889846,412.4140833301901
252,0.8001631887743982,1.188643464433861,1.0251984442080997,1.101276772818844,210.42034818856683,50.099713376143804,442.34309034693507
253,0.9165905401073786,0.9305976339403728,1.0708322598066782,0.7482909496799034,163.20034072988472,35.67474304543973,347.83143476733045
254,0.7906033012891143,1.7433876056233182,0.8908774927907739,1.2950826437950487,229.96953754935126,55.949306194843466,482.4978973339987
255,1.104034923421374,1.2554576784087115,0.8508567742795148,1.260955677308736,230.23325968486014,55.482415379387966,482.516076448529
256,1.2162659753526213,1.6160197358431994,1.1599759386721975,1.1782259153025318,213.1018212717815,50.641113178289096,449.74735602570394
257,1.3728878231685235,1.312223913985091,1.274312345630463,0.9666662949450415,186.8197203407636,42.21931213593186,395.59201114204154
258,1.5882997553183438,1.384750755799666,0.7052065379381574,0.9359502649163243,181.6583540817583,40.04220094098634,387.0037300464851
259,0.7561840957823118,0.573120838405209,0.6744766132092612,1.2662021727272057,242.33387952517523,59.1941992673961,507.8074208125949
260,1.3829996317582265,0.9397775039733047,0.8740478220659615,1.2073448115596022,225.31545137219234,53.427156392680665,474.1138413087527
261,0.5753742717493346,0.6091753955578165,1.5345210804151805,1.2761124660262992,242.73020279473326,59.450331926160025,510.754195824414
262,1.4835990150700746,1.645687052676082,0.562388776051487,1.14911059485991,208.39734759780364,48.64019680391416,440.9227144752151
263,0.633509196274056,1.6956717801152048,0.43763136283956633,1.131139219128711,210.33420566712766,50.34152563509128,440.81387772575374
264,0.5922476708071623,1.0456283643235351,0.4693982201034117,1.1511964293579788,221.25832530872063,53.03809797149239,463.9627837479985
265,1.1432403427319657,0.8746071568156033,0.685976883369286,0.8282439357549121,174.4028109350394,38.466839901331134,372.0315807371045
266,1.3974438436219732,1.3308462966132648,1.267918505344415,0.7425205354649649,155.75982338278638,31.544721175011052,334.18905136957136
267,1.4880643636843427,0.8000367799716804,1.0745509416520158,1.2017468275132401,225.375051667096,53.29207443904642,474.3885478207965
268,1.503586730064629,1.57837843146891,0.5651656778673195,1.2153491110932237,218.0590239583646,51.4950742737689,461.10585062242495
269,1.4560721239649168,0.761688959075139,1.22247418931266,1.042692124422385,203.21264073831824,47.24546776867161,427.88068881740094
270,0.7483283287780224,1.3494709360051351,0.9763092191278553,1.3841005091277028,247.60336322493097,60.943329626382926,522.945055741929
271,1.13609207155312,1.0313204884642926,1.119041571402538,1.1736030247436928,220.36166379660023,52.54790648438332,463.87312984472237
272,1.3838462492235881,1.3600566713749456,1.2874173131162827,1.24613022061232,224.46418997572778,53.36527803077861,472.2088156634918
273,0.9047987260027501,0.8006973474546386,1.1932505550769632,0.7409679786876586,163.18169001900202,35.591020601032945,348.06320484995365
274,1.1729843498322796,0.6681784692701139,1.0819062473308934,1.201101787120791,228.71807585939948,54.912290635358445,478.94669474034566
275,1.6862152699383905,1.6170521019545971,1.1733098889266245,1.244759368879032,219.40692184873052,51.41028074309974,464.47225650321946
276,1.7773687988153415,0.6422858605806275,0.6438176033765872,1.3634567074328963,249.66566446515395,59.410185365129564,525.4087121230826
277,1.3416217304052633,0.8941797720504829,1.0999897008024981,0.7149034111419633,156.40658391683965,31.593037187585246,336.25937139235367
278,1.0703938923601939,1.1821201034414237,0.6502022007179495,0.8227900149333622,171.13693347709741,37.72343097485763,365.0065045630085
279,1.7686162632911455,1.3995124890545045,1.0684376981056405,1.1247082747152188,205.61402699516537,47.3100206142009,433.7210439167441
280,0.8507567379114159,0.7887510917391067,1.293599995646528,0.9897477237060313,198.64932976870253,46.849108317450494,419.4429125802132
281,1.159887324918528,1.5184737897778855,1.167238273549909,0.931712956758427,181.22362535494338,41.08283282728237,383.3464002343068
282,0.7825520153674235,0.6237858401146001,1.069722496543318,1.2205065627394287,234.26189264065223,56.85821645680511,488.37891252046967
283,0.8588223569037221,1.5200482513033324,1.525167413298004,0.7561556894787743,158.44921933420525,34.892106512989095,337.6252577960686
284,0.5494627914371729,1.680234735715379,1.4831972924664285,0.744102697069534,157.17604696856583,34.97475024936477,333.6563601375016
285,1.13931912547774,1.586133176820071,0.8459766666785836,1.1715891253273298,213.57802352742203,50.900798811731555,450.02804817038094
286,1.2092969664940427,1.031167756434144,1.3146009399611283,1.3644934577878967,246.25527420532313,59.982946029911886,517.1487577027566
287,0.9655695710208401,0.6217976179269935,1.1779880383561676,1.3635926397122557,253.54062871707018,62.189635275721415,533.4065952595705
288,0.9772651290202536,1.1321938688925461,0.6503044927583275,1.2377521078354756,229.72349741964368,55.25253071233803,480.79046112124877
289,1.4255106011282286,0.6210749052774854,1.045289689113079,1.312247710958926,243.87985261185494,58.93423794433803,511.1449477276816
290,1.499813066388097,0.9867015610792201,1.5495314853412174,0.7867955509797497,163.9699805883637,33.95242405467028,352.5463222620261
291,1.4211292106508133,1.7778799959036649,1.1678971902793132,0.8453017523658242,165.5012803917581,35.276516739471944,354.028891947659
292,0.7980803246773969,1.6424201475727311,0.7353629134747908,1.195594343137347,218.2009698650029,52.31528668845077,457.8471362463291
293,1.255525713961434,0.6700006963657013,0.679790501810156,1.382222703146971,254.79470867213774,62.08008235054513,537.4168321069926
294,1.7388679519908359,1.31647822964158,0.9874254162842641,0.960924697024576,184.46139975014742,40.483181446290246,393.21369305782764
295,1.7496483080967153,1.4320858939327732,1.5124470376407606,1.3628023242564726,236.96622153735174,56.2928921005781,499.9444077123514
296,1.4101455687340274,0.5920858720627518,1.1533665142861955,1.2249802805529093,231.66426694120244,55.140404500646014,485.7238282012957
297,0.916599327051038,0.8305273370130699,1.5794233818262793,1.2437414352266063,233.19537075887789,56.61812351231273,486.04576317819425
298,1.5156843022094095,0.980441418920128,1.4185147099160464,0.8581180621649062,174.16427340590153,37.82953849367096,373.18105833364746
299,0.9835479260923469,1.0727251411113352,1.0939510242574013,1.264946365592514,233.45768016374222,56.581614384384935,488.76949194082056
